{
  "model": {
    "type": "select",
    "property": "custom_model_data",
    "fallback": {
      "type": "model",
      "model": "item/music_disc_13"
    },
    "cases": [
      {
        "when": "______________0",
        "model": {
          "type": "model",
          "model": "item/______________0"
        }
      },
      {
        "when": "hmu____________1",
        "model": {
          "type": "model",
          "model": "item/hmu____________1"
        }
      },
      {
        "when": "the_days__notion_remix_2",
        "model": {
          "type": "model",
          "model": "item/the_days__notion_remix_2"
        }
      }
    ]
  }
}