{
  "music_disc.______________0": {
    "sounds": [
      {
        "name": "records/music_disc_______________0",
        "stream": true
      }
    ]
  },
  "music_disc.hmu____________1": {
    "sounds": [
      {
        "name": "records/music_disc_hmu____________1",
        "stream": true
      }
    ]
  },
  "music_disc.the_days__notion_remix_2": {
    "sounds": [
      {
        "name": "records/music_disc_the_days__notion_remix_2",
        "stream": true
      }
    ]
  },
  "music_disc._____bass_boosted_5": {
    "sounds": [
      {
        "name": "records/music_disc______bass_boosted_5",
        "stream": true
      }
    ]
  },
  "music_disc.___________6": {
    "sounds": [
      {
        "name": "records/music_disc____________6",
        "stream": true
      }
    ]
  },
  "music_disc.confess_your_love7": {
    "sounds": [
      {
        "name": "records/music_disc_confess_your_love7",
        "stream": true
      }
    ]
  }
}